{"auc": 0.7587261432807867, "f1": 0.42802056555269924}