{"auc": 0.7598181988450132, "f1": 0.4252577319587629}