{"auc": 0.7598536600593101, "f1": 0.4252577319587629}